<?xml version="1.0" encoding="UTF-8"?>
<!DOCTYPE hibernate-mapping PUBLIC
"-//Hibernate/Hibernate Mapping DTD 3.0//EN"
"http://hibernate.sourceforge.net/hibernate-mapping-3.0.dtd">
<hibernate-mapping>
<class name="One.DocReg" table="doc1">
	<meta attribute="class-description">This class contains doctor details.</meta>
	<id name="docid1" type="long" column="id1">
	<generator class="increment"/>
	</id>
	<property name="fname1" column="D_name" type="string" length="20"/>
	<property name="mailid1" column="D_mail" type="string" length="15"/>
	<property name="pass1" column="D_pass" type="string" length="15"/>
	<property name="number1" column="D_num" type="double" length="15"/>
	<property name="Category" column="D_col" type="string" length="20"/>
	<property name="fees" column="D_fees" type="double" length="10"/>
	<property name="timings" column="D_time" type="string" length="20"/>
	<property name="Experience" column="D_exp" type="double" length="20"/>
	<property name="addr1" column="D_address" type="string" length="35"/>
	<property name="City" column="D_city" type="string" length="20"/>
	<property name="Zipcode" column="D_zip" type="double" length="20"/>
</class>
</hibernate-mapping>