<?xml version="1.0" encoding="UTF-8"?>
<!DOCTYPE hibernate-mapping PUBLIC
"-//Hibernate/Hibernate Mapping DTD 3.0//EN"
"http://hibernate.sourceforge.net/hibernate-mapping-3.0.dtd">
<hibernate-mapping>
<class name="One.PatReg" table="pat">
	<meta attribute="class-description">This class contains student details.</meta>
	<id name="patid" type="long" column="id">
	<generator class="increment"/>
	</id>
	<property name="fname" column="name" type="string" length="20"/>
	<property name="mailid" column="mail" type="string" length="15"/>
	<property name="pass" column="pass" type="string" length="15"/>
	<property name="number" column="num" type="double" length="15"/>
	<property name="addr" column="address" type="string" length="35"/>
</class>
</hibernate-mapping>
